student_id,GPA,student_type
111,0,grad
112,0,grad
113,0,grad
114,0,grad
115,0,grad
116,0,undergrad
117,0,undergrad
118,0,undergrad
119,0,undergrad
120,0,undergrad
121,NULL,undergrad
122,NULL,undergrad
123,NULL,undergrad
124,NULL,undergrad
125,NULL,undergrad
126,NULL,undergrad
127,NULL,undergrad
128,NULL,undergrad
129,NULL,undergrad
130,NULL,undergrad
131,NULL,undergrad
132,NULL,undergrad
133,NULL,undergrad
134,NULL,undergrad
135,NULL,undergrad
136,NULL,undergrad
137,NULL,undergrad
138,NULL,undergrad
139,NULL,undergrad
140,NULL,undergrad
141,NULL,undergrad
142,NULL,undergrad
143,NULL,undergrad
144,NULL,undergrad
145,NULL,undergrad
146,NULL,undergrad
147,NULL,undergrad
148,NULL,undergrad
149,NULL,undergrad
150,NULL,undergrad
151,NULL,undergrad
152,NULL,undergrad
153,NULL,undergrad
154,NULL,undergrad
155,NULL,undergrad
156,NULL,undergrad
157,NULL,undergrad
158,NULL,undergrad
159,NULL,undergrad
160,NULL,undergrad
161,NULL,undergrad
162,NULL,undergrad
163,NULL,undergrad
164,NULL,undergrad
165,NULL,undergrad
166,NULL,undergrad
167,NULL,undergrad
168,NULL,undergrad
169,NULL,undergrad
170,NULL,undergrad
171,NULL,undergrad
172,NULL,undergrad
173,NULL,undergrad
174,NULL,undergrad
175,NULL,undergrad
176,NULL,undergrad
177,NULL,undergrad
178,NULL,undergrad
179,NULL,undergrad
180,NULL,undergrad
181,NULL,undergrad
182,NULL,undergrad
183,NULL,undergrad
184,NULL,undergrad
185,NULL,undergrad
186,NULL,undergrad
187,NULL,undergrad
188,NULL,undergrad
189,NULL,undergrad
190,NULL,undergrad
191,NULL,undergrad
192,NULL,undergrad
193,NULL,undergrad
194,NULL,undergrad
195,NULL,undergrad
196,NULL,undergrad
197,NULL,undergrad
198,NULL,undergrad
199,NULL,undergrad
200,NULL,undergrad
201,NULL,undergrad
202,NULL,undergrad
203,NULL,undergrad
204,NULL,undergrad
205,NULL,undergrad
206,NULL,undergrad
207,NULL,undergrad
208,NULL,undergrad
209,NULL,undergrad
210,NULL,undergrad
211,NULL,undergrad
212,NULL,undergrad
213,NULL,undergrad
214,NULL,undergrad
215,NULL,undergrad
216,NULL,undergrad
217,NULL,undergrad
218,NULL,undergrad
219,NULL,undergrad
220,NULL,undergrad
221,NULL,undergrad
222,NULL,undergrad
223,NULL,undergrad
224,NULL,undergrad
225,NULL,undergrad
226,NULL,undergrad
227,NULL,undergrad
228,NULL,undergrad
229,NULL,undergrad
230,NULL,undergrad
231,NULL,undergrad
232,NULL,undergrad
233,NULL,undergrad
234,NULL,undergrad
235,NULL,undergrad
236,NULL,undergrad
237,NULL,undergrad
238,NULL,undergrad
239,NULL,undergrad
240,NULL,undergrad
241,NULL,undergrad
242,NULL,undergrad
243,NULL,undergrad
244,NULL,undergrad
245,NULL,undergrad
246,NULL,undergrad
247,NULL,undergrad
248,NULL,undergrad
249,NULL,undergrad
250,NULL,undergrad
251,NULL,undergrad
252,NULL,undergrad
253,NULL,undergrad
254,NULL,undergrad
255,NULL,undergrad
256,NULL,undergrad
257,NULL,undergrad
258,NULL,undergrad
259,NULL,undergrad
260,NULL,undergrad
261,NULL,undergrad
262,NULL,undergrad
263,NULL,undergrad
264,NULL,undergrad
265,NULL,undergrad
266,NULL,undergrad
267,NULL,undergrad
268,NULL,undergrad
269,NULL,undergrad
270,NULL,undergrad
271,NULL,undergrad
272,NULL,undergrad
273,NULL,undergrad
274,NULL,undergrad
275,NULL,undergrad
276,NULL,undergrad
277,NULL,undergrad
278,NULL,undergrad
279,NULL,undergrad
280,NULL,undergrad
281,NULL,undergrad
282,NULL,undergrad
283,NULL,undergrad
284,NULL,undergrad
285,NULL,undergrad
286,NULL,undergrad
287,NULL,undergrad
288,NULL,undergrad
289,NULL,undergrad
290,NULL,undergrad
291,NULL,undergrad
292,NULL,undergrad
293,NULL,undergrad
294,NULL,undergrad
295,NULL,undergrad
296,NULL,undergrad
297,NULL,undergrad
298,NULL,undergrad
299,NULL,undergrad
300,NULL,undergrad
301,NULL,undergrad
302,NULL,undergrad
303,NULL,undergrad
304,NULL,undergrad
305,NULL,undergrad
306,NULL,undergrad
307,NULL,undergrad
308,NULL,undergrad
309,NULL,undergrad
310,NULL,undergrad
311,NULL,undergrad
312,NULL,undergrad
313,NULL,undergrad
314,NULL,undergrad
315,NULL,undergrad
316,NULL,undergrad
317,NULL,undergrad
318,NULL,undergrad
319,NULL,undergrad
320,NULL,undergrad
321,NULL,undergrad
322,NULL,undergrad
323,NULL,undergrad
324,NULL,undergrad
325,NULL,undergrad
326,NULL,undergrad
327,NULL,undergrad
328,NULL,undergrad
329,NULL,undergrad
330,NULL,undergrad
331,NULL,undergrad
332,NULL,undergrad
333,NULL,undergrad
334,NULL,undergrad
335,NULL,undergrad
336,NULL,undergrad
337,NULL,undergrad
338,NULL,undergrad
339,NULL,undergrad
340,NULL,undergrad
341,NULL,undergrad
342,NULL,undergrad
343,NULL,undergrad
344,NULL,undergrad
345,NULL,undergrad
346,NULL,undergrad
347,NULL,undergrad
348,NULL,undergrad
349,NULL,undergrad
350,NULL,undergrad
351,NULL,undergrad
352,NULL,undergrad
353,NULL,undergrad
354,NULL,undergrad
355,NULL,undergrad
356,NULL,undergrad
357,NULL,undergrad
358,NULL,undergrad
359,NULL,undergrad
360,NULL,undergrad
361,NULL,undergrad
362,NULL,undergrad
363,NULL,undergrad
364,NULL,undergrad
365,NULL,undergrad
366,NULL,undergrad
367,NULL,undergrad
368,NULL,undergrad
369,NULL,undergrad
370,NULL,undergrad
371,NULL,undergrad
372,NULL,undergrad
373,NULL,undergrad
374,NULL,undergrad
375,NULL,undergrad
376,NULL,undergrad
377,NULL,undergrad
378,NULL,undergrad
379,NULL,undergrad
380,NULL,undergrad
381,NULL,undergrad
382,NULL,undergrad
383,NULL,undergrad
384,NULL,undergrad
385,NULL,undergrad
386,NULL,undergrad
387,NULL,undergrad
388,NULL,undergrad
389,NULL,undergrad
390,NULL,undergrad
391,NULL,undergrad
392,NULL,undergrad
393,NULL,undergrad
394,NULL,undergrad
395,NULL,undergrad
396,NULL,undergrad
397,NULL,undergrad
398,NULL,undergrad
399,NULL,undergrad
400,NULL,undergrad
401,NULL,undergrad
402,NULL,undergrad
403,NULL,undergrad
404,NULL,undergrad
405,NULL,undergrad
406,NULL,undergrad
407,NULL,undergrad
408,NULL,undergrad
409,NULL,undergrad
410,NULL,undergrad
411,NULL,undergrad
412,NULL,undergrad
413,NULL,undergrad
414,NULL,undergrad
415,NULL,undergrad
416,NULL,undergrad
417,NULL,undergrad
418,NULL,undergrad
419,NULL,undergrad
420,NULL,undergrad
421,NULL,undergrad
422,NULL,undergrad
423,NULL,undergrad
424,NULL,undergrad
425,NULL,undergrad
426,NULL,undergrad
427,NULL,undergrad
428,NULL,undergrad
429,NULL,undergrad
430,NULL,undergrad
431,NULL,undergrad
432,NULL,undergrad
433,NULL,undergrad
434,NULL,undergrad
435,NULL,undergrad
436,NULL,undergrad
437,NULL,undergrad
438,NULL,undergrad
439,NULL,undergrad
440,NULL,undergrad
441,NULL,undergrad
442,NULL,undergrad
443,NULL,undergrad
444,NULL,undergrad
445,NULL,undergrad
446,NULL,undergrad
447,NULL,undergrad
448,NULL,undergrad
449,NULL,undergrad
450,NULL,undergrad
451,NULL,undergrad
452,NULL,undergrad
453,NULL,undergrad
454,NULL,undergrad
455,NULL,undergrad
456,NULL,undergrad
457,NULL,undergrad
458,NULL,undergrad
459,NULL,undergrad
460,NULL,undergrad
461,NULL,undergrad
462,NULL,undergrad
463,NULL,undergrad
464,NULL,undergrad
465,NULL,undergrad
466,NULL,undergrad
467,NULL,undergrad
468,NULL,undergrad
469,NULL,undergrad
470,NULL,undergrad
471,NULL,undergrad
472,NULL,undergrad
473,NULL,undergrad
474,NULL,undergrad
475,NULL,undergrad
476,NULL,undergrad
477,NULL,undergrad
478,NULL,undergrad
479,NULL,undergrad
480,NULL,undergrad
481,NULL,undergrad
482,NULL,undergrad
483,NULL,undergrad
484,NULL,undergrad
485,NULL,undergrad
486,NULL,undergrad
487,NULL,undergrad
488,NULL,undergrad
489,NULL,undergrad
490,NULL,undergrad
491,NULL,undergrad
492,NULL,undergrad
493,NULL,undergrad
494,NULL,undergrad
495,NULL,undergrad
496,NULL,undergrad
497,NULL,undergrad
498,NULL,undergrad
499,NULL,undergrad
500,NULL,undergrad
501,NULL,undergrad
502,NULL,undergrad
503,NULL,undergrad
504,NULL,undergrad
505,NULL,undergrad
506,NULL,undergrad
507,NULL,undergrad
508,NULL,undergrad
509,NULL,undergrad
510,NULL,undergrad
511,NULL,undergrad
512,NULL,undergrad
513,NULL,undergrad
514,NULL,undergrad
515,NULL,undergrad
516,NULL,undergrad
517,NULL,undergrad
518,NULL,undergrad
519,NULL,undergrad
520,NULL,undergrad
521,NULL,undergrad
522,NULL,undergrad
523,NULL,undergrad
524,NULL,undergrad
525,NULL,undergrad
526,NULL,undergrad
527,NULL,undergrad
528,NULL,undergrad
529,NULL,undergrad
530,NULL,undergrad
531,NULL,undergrad
532,NULL,undergrad
533,NULL,undergrad
534,NULL,undergrad
535,NULL,undergrad
536,NULL,undergrad
537,NULL,undergrad
538,NULL,undergra
539,NULL,undergrad
540,NULL,undergrad
541,NULL,undergrad
542,NULL,undergrad
543,NULL,undergrad
544,NULL,undergrad
545,NULL,undergrad
546,NULL,undergrad
547,NULL,undergrad
548,NULL,undergrad
549,NULL,undergrad
550,NULL,undergrad
551,NULL,undergrad
552,NULL,undergrad
553,NULL,undergrad
554,NULL,undergrad
555,NULL,undergrad
556,NULL,undergrad
557,NULL,undergrad
558,NULL,undergrad
559,NULL,undergrad
560,NULL,undergrad
561,NULL,undergrad
562,NULL,undergrad
563,NULL,undergrad
564,NULL,undergrad
565,NULL,undergrad
566,NULL,undergrad
567,NULL,undergrad
568,NULL,undergrad
569,NULL,undergrad
570,NULL,undergrad
571,NULL,undergrad
572,NULL,undergrad
573,NULL,undergrad
574,NULL,undergrad
575,NULL,undergrad
576,NULL,undergrad
577,NULL,undergrad
578,NULL,undergrad
579,NULL,undergrad
580,NULL,undergrad
581,NULL,undergrad
582,NULL,undergrad
583,NULL,undergrad
584,NULL,undergrad
585,NULL,undergrad
586,NULL,undergrad
587,NULL,undergrad
588,NULL,undergrad
589,NULL,undergrad
590,NULL,undergrad
591,NULL,undergrad
592,NULL,undergrad
593,NULL,undergrad
594,NULL,undergrad
595,NULL,undergrad
596,NULL,undergrad
597,NULL,undergrad
598,NULL,undergrad
599,NULL,undergrad
600,NULL,undergrad
601,NULL,undergrad
602,NULL,undergrad
603,NULL,undergrad
604,NULL,undergrad
605,NULL,undergrad
606,NULL,undergrad
607,NULL,undergrad
608,NULL,undergrad
609,NULL,undergrad
610,NULL,undergrad
611,NULL,undergrad
612,NULL,undergrad
613,NULL,undergrad
614,NULL,undergrad
615,NULL,undergrad
616,NULL,undergrad
617,NULL,undergrad
618,NULL,undergrad
619,NULL,undergrad
620,NULL,undergrad
621,NULL,undergrad
622,NULL,undergrad
623,NULL,undergrad
624,NULL,undergrad
625,NULL,undergrad
626,NULL,undergrad
627,NULL,undergrad
628,NULL,undergrad
629,NULL,undergrad
630,NULL,undergrad
631,NULL,undergrad
632,NULL,undergrad
633,NULL,undergrad
634,NULL,undergrad
635,NULL,undergrad
636,NULL,undergrad
637,NULL,undergrad
638,NULL,undergrad
639,NULL,undergrad
640,NULL,undergrad
641,NULL,undergrad
642,NULL,undergrad
643,NULL,undergrad
644,NULL,undergrad
645,NULL,undergrad
646,NULL,undergrad
647,NULL,undergrad
648,NULL,undergrad
649,NULL,undergrad
650,NULL,undergrad
651,NULL,undergrad
652,NULL,undergrad
653,NULL,undergrad
654,NULL,undergrad
655,NULL,undergrad
656,NULL,undergrad
657,NULL,undergrad
658,NULL,undergrad
659,NULL,undergrad
660,NULL,undergrad
661,NULL,undergrad
662,NULL,undergrad
663,NULL,undergrad
664,NULL,undergrad
665,NULL,undergrad
666,NULL,undergrad
667,NULL,undergrad
668,NULL,undergrad
669,NULL,undergrad
670,NULL,undergrad
671,NULL,undergrad
672,NULL,undergrad
673,NULL,undergrad
674,NULL,undergrad
675,NULL,undergrad
676,NULL,undergrad
677,NULL,undergrad
678,NULL,undergrad
679,NULL,undergrad
680,NULL,undergrad
681,NULL,undergrad
682,NULL,undergrad
683,NULL,undergrad
684,NULL,undergrad
685,NULL,undergrad
686,NULL,undergrad
687,NULL,undergrad
688,NULL,undergrad
689,NULL,undergrad
690,NULL,undergrad
691,NULL,undergrad
692,NULL,undergrad
693,NULL,undergrad
694,NULL,undergrad
695,NULL,undergrad
696,NULL,undergrad
697,NULL,undergrad
698,NULL,undergrad
699,NULL,undergrad
700,NULL,undergrad
701,NULL,undergrad
702,NULL,undergrad
703,NULL,undergrad
704,NULL,undergrad
705,NULL,undergrad
706,NULL,undergrad
707,NULL,undergrad
708,NULL,undergrad
709,NULL,undergrad
710,NULL,undergrad
711,NULL,undergrad
712,NULL,undergrad
713,NULL,undergrad
714,NULL,undergrad
715,NULL,undergrad
716,NULL,undergrad
717,NULL,undergrad
718,NULL,undergrad
719,NULL,undergrad
720,NULL,undergrad
721,NULL,undergrad
722,NULL,undergrad
723,NULL,undergrad
724,NULL,undergrad
725,NULL,undergrad
726,NULL,undergrad
727,NULL,undergrad
728,NULL,undergrad
729,NULL,undergrad
730,NULL,undergrad
731,NULL,undergrad
732,NULL,undergrad
733,NULL,undergrad
734,NULL,undergrad
735,NULL,undergrad
736,NULL,undergrad
737,NULL,undergrad
738,NULL,undergrad
739,NULL,undergrad
740,NULL,undergrad
741,NULL,undergrad
742,NULL,undergrad
743,NULL,undergrad
744,NULL,undergrad
745,NULL,undergrad
746,NULL,undergrad
747,NULL,undergrad
748,NULL,undergrad
749,NULL,undergrad
750,NULL,undergrad
751,NULL,undergrad
752,NULL,undergrad
753,NULL,undergrad
754,NULL,undergrad
755,NULL,undergrad
756,NULL,undergrad
757,NULL,undergrad
758,NULL,undergrad
759,NULL,undergrad
760,NULL,undergrad
761,NULL,undergrad
762,NULL,undergrad
763,NULL,undergrad
764,NULL,undergrad
765,NULL,undergrad
766,NULL,undergrad
767,NULL,undergrad
768,NULL,undergrad
769,NULL,undergrad
770,NULL,undergrad
771,NULL,undergrad
772,NULL,undergrad
773,NULL,undergrad
774,NULL,undergrad
775,NULL,undergrad
776,NULL,undergrad
777,NULL,undergrad
778,NULL,undergrad
779,NULL,undergrad
780,NULL,undergrad
781,NULL,undergrad
782,NULL,undergrad
783,NULL,undergrad
784,NULL,undergrad
785,NULL,undergrad
786,NULL,undergrad
787,NULL,undergrad
788,NULL,undergrad
789,NULL,undergrad
790,NULL,undergrad
791,NULL,undergrad
792,NULL,undergrad
793,NULL,undergrad
794,NULL,undergrad
795,NULL,undergrad
796,NULL,undergrad
797,NULL,undergrad
798,NULL,undergrad
799,NULL,undergrad
800,NULL,undergrad
801,NULL,undergrad
802,NULL,undergrad
803,NULL,undergrad
804,NULL,undergrad
805,NULL,undergrad
806,NULL,undergrad
807,NULL, undergr
808,NULL,undergrad
809,NULL,undergrad
810,NULL,undergrad
811,NULL,undergrad
812,NULL,undergrad
813,NULL,undergrad
814,NULL,undergrad
815,NULL,undergrad
816,NULL,undergrad
817,NULL,undergrad
818,NULL,undergrad
819,NULL,undergrad
820,NULL,undergrad
821,NULL,undergrad
822,NULL,undergrad
823,NULL,undergrad
824,NULL,undergrad
825,NULL,undergrad
826,NULL,undergrad
827,NULL,undergrad
828,NULL,undergrad
829,NULL,undergrad
830,NULL,undergrad
831,NULL,undergrad
832,NULL,undergrad
833,NULL,undergrad
834,NULL,undergrad
835,NULL,undergrad
836,NULL,undergrad
837,NULL,undergrad
838,NULL,undergrad
839,NULL,undergrad
840,NULL,undergrad
841,NULL,undergrad
842,NULL,undergrad
843,NULL,undergrad
844,NULL,undergrad
845,NULL,undergrad
846,NULL,undergrad
847,NULL,undergrad
848,NULL,undergrad
849,NULL,undergrad
850,NULL,undergrad
851,NULL,undergrad
852,NULL,undergrad
853,NULL,undergrad
854,NULL,undergrad
855,NULL,undergrad
856,NULL,undergrad
857,NULL,undergrad
858,NULL,undergrad
859,NULL,undergrad
860,NULL,undergrad
861,NULL,undergrad
862,NULL,undergrad
863,NULL,undergrad
864,NULL,undergrad
865,NULL,undergrad
866,NULL,undergrad
867,NULL,undergrad
868,NULL,undergrad
869,NULL,undergrad
870,NULL,undergrad
871,NULL,undergrad
872,NULL,undergrad
873,NULL,undergrad
874,NULL,undergrad
875,NULL,undergrad
876,NULL,undergrad
877,NULL,undergrad
878,NULL,undergrad
879,NULL,undergrad
880,NULL,undergrad
881,NULL,undergrad
882,NULL,undergrad
883,NULL,undergrad
884,NULL,undergrad
885,NULL,undergrad
886,NULL,undergrad
887,NULL,undergrad
888,NULL,undergrad
889,NULL,undergrad
890,NULL,undergrad
891,NULL,undergrad
892,NULL,undergrad
893,NULL,undergrad
894,NULL,undergrad
895,NULL,undergrad
896,NULL,undergrad
897,NULL,undergrad
898,NULL,undergrad
899,NULL,undergrad
900,NULL,undergrad
901,NULL,undergrad
902,NULL,undergrad
903,NULL,undergrad
904,NULL,undergrad
905,NULL,undergrad
906,NULL,undergrad
907,NULL,undergrad
908,NULL,undergrad
909,NULL,undergrad
910,NULL,undergrad
911,NULL,undergrad
912,NULL,undergrad
913,NULL,undergrad
914,NULL,undergrad
915,NULL,undergrad
916,NULL,undergrad
917,NULL,undergrad
918,NULL,undergrad
919,NULL,undergrad
920,NULL,undergrad
921,NULL,undergrad
922,NULL,undergrad
923,NULL,undergrad
924,NULL,undergrad
925,NULL,undergrad
926,NULL,undergrad
927,NULL,undergrad
928,NULL,undergrad
929,NULL,undergrad
930,NULL,undergrad
931,NULL,undergrad
932,NULL,undergrad
933,NULL,undergrad
934,NULL,undergrad
935,NULL,undergrad
936,NULL,undergrad
937,NULL,undergrad
938,NULL,undergrad
939,NULL,undergrad
940,NULL,undergrad
941,NULL,undergrad
942,NULL,undergrad
943,NULL,undergrad
944,NULL,undergrad
945,NULL,undergrad
946,NULL,undergrad
947,NULL,undergrad
948,NULL,undergrad
949,NULL,undergrad
950,NULL,undergrad
951,NULL,undergrad
952,NULL,undergrad
953,NULL,undergrad
954,NULL,undergrad
955,NULL,undergrad
956,NULL,undergrad
957,NULL,undergrad
958,NULL,undergrad
959,NULL,undergrad
960,NULL,undergrad
961,NULL,undergrad
962,NULL,undergrad
963,NULL,undergrad
964,NULL,undergrad
965,NULL,undergrad
966,NULL,undergrad
967,NULL,undergrad
968,NULL,undergrad
969,NULL,undergrad
970,NULL,undergrad
971,NULL,undergrad
972,NULL,undergrad
973,NULL,undergrad
974,NULL,undergrad
975,NULL,undergrad
976,NULL,undergrad
977,NULL,undergrad
978,NULL,undergrad
979,NULL,undergrad
980,NULL,undergrad
981,NULL,undergrad
982,NULL,undergrad
983,NULL,undergrad
984,NULL,undergrad
985,NULL,undergrad
986,NULL,undergrad
987,NULL,undergrad
988,NULL,undergrad
989,NULL,undergrad
990,NULL,undergrad
991,NULL,undergrad
992,NULL,undergrad
993,NULL,undergrad
994,NULL,undergrad
995,NULL,undergrad
996,NULL,undergrad
997,NULL,undergrad
998,NULL,undergrad
999,NULL,undergrad
1000,NULL,undergrad
1001,NULL,undergrad
1002,NULL,undergrad
1003,NULL,undergrad
1004,NULL,undergrad
1005,NULL,undergrad
1006,NULL,undergrad
1007,NULL,undergrad
1008,NULL,undergrad
1009,NULL,undergrad
1010,NULL,undergrad
1011,NULL,undergrad
1012,NULL,undergrad
1013,NULL,undergrad
1014,NULL,undergrad
1015,NULL,undergrad
1016,NULL,undergrad
1017,NULL,undergrad
1018,NULL,undergrad
1019,NULL,undergrad
1020,NULL,undergrad
1021,NULL,undergrad
1022,NULL,undergrad
1023,NULL,undergrad
1024,NULL,undergrad
1025,NULL,undergrad
1026,NULL,undergrad
1027,NULL,undergrad
1028,NULL,undergrad
1029,NULL,undergrad
1030,NULL,undergrad
1031,NULL,undergrad
1032,NULL,undergrad
1033,NULL,undergrad
1034,NULL,undergrad
1035,NULL,undergrad
1036,NULL,undergrad
1037,NULL,undergrad
1038,NULL,undergrad
1039,NULL,undergrad
1040,NULL,undergrad
1041,NULL,undergrad
1042,NULL,undergrad
1043,NULL,undergrad
1044,NULL,undergrad
1045,NULL,undergrad
1046,NULL,undergrad
1047,NULL,undergrad
1048,NULL,undergrad
1049,NULL,undergrad
1050,NULL,undergrad
1051,NULL,undergrad
1052,NULL,undergrad
1053,NULL,undergrad
1054,NULL,undergrad
1055,NULL,undergrad
1056,NULL,undergrad
1057,NULL,undergrad
1058,NULL,undergrad
1059,NULL,undergrad
1060,NULL,undergrad
1061,NULL,undergrad
1062,NULL,undergrad
1063,NULL,undergrad
1064,NULL,undergrad
1065,NULL,undergrad
1066,NULL,undergrad
1067,NULL,undergrad
1068,NULL,undergrad
1069,NULL,undergrad
1070,NULL,undergrad
1071,NULL,undergrad
1072,NULL,undergrad
1073,NULL,undergrad
1074,NULL,undergrad
1075,NULL,undergrad
1076,NULL,undergrad
1077,NULL,undergrad
1078,NULL,undergrad
1079,NULL,undergrad
1080,NULL,undergrad
1081,NULL,undergrad
1082,NULL,undergrad
1083,NULL,undergrad
1084,NULL,undergrad
1085,NULL,undergrad
1086,NULL,undergrad
1087,NULL,undergrad
1088,NULL,undergrad
1089,NULL,undergrad
1090,NULL,undergrad
1091,NULL,undergrad
1092,NULL,undergrad
1093,NULL,undergrad
1094,NULL,undergrad
1095,NULL,undergrad
1096,NULL,undergrad
1097,NULL,undergrad
1098,NULL,undergrad
1099,NULL,undergrad
1100,NULL,undergrad
1101,NULL,undergrad
1102,NULL,undergrad
1103,NULL,undergrad
1104,NULL,undergrad
1105,NULL,undergrad
1106,NULL,undergrad
1107,NULL,undergrad
1108,NULL,undergrad
1109,NULL,undergrad
1110,NULL,undergrad
1111,NULL,undergrad
1112,NULL,undergrad
1113,NULL,undergrad
1114,NULL,undergrad
1115,NULL,undergrad
1116,NULL,undergrad
1117,NULL,undergrad
1118,NULL,undergrad
1119,NULL,undergrad
1120,NULL,undergrad
1121,NULL,undergrad
1122,NULL,undergrad
1123,NULL,undergrad
1124,NULL,undergrad
1125,NULL,undergrad
1126,NULL,undergrad
1127,NULL,undergrad
1128,NULL,undergrad
1129,NULL,undergrad
1130,NULL,undergrad
1131,NULL,undergrad
1132,NULL,undergrad
1133,NULL,undergrad
1134,NULL,undergrad
1135,NULL,undergrad
1136,NULL,undergrad
1137,NULL,undergrad
1138,NULL,undergrad
1139,NULL,undergrad
1140,NULL,undergrad
1141,NULL,undergrad
1142,NULL,undergrad
1143,NULL,undergrad
1144,NULL,undergrad
1145,NULL,undergrad
1146,NULL,undergrad
1147,NULL,undergrad
1148,NULL,undergrad
1149,NULL,undergrad
1150,NULL,undergrad
1151,NULL,undergrad
1152,NULL,undergrad
1153,NULL,undergrad
1154,NULL,undergrad
1155,NULL,undergrad
1156,NULL,undergrad
1157,NULL,undergrad
1158,NULL,undergrad
1159,NULL,undergrad
1160,NULL,undergrad
1161,NULL,undergrad
1162,NULL,undergrad
1163,NULL,undergrad
1164,NULL,undergrad
1165,NULL,undergrad
1166,NULL,undergrad
1167,NULL,undergrad
1168,NULL,undergrad
1169,NULL,undergrad
1170,NULL,undergrad
1171,NULL,undergrad
1172,NULL,undergrad
1173,NULL,undergrad
1174,NULL,undergrad
1175,NULL,undergrad
1176,NULL,undergrad
1177,NULL,undergrad
1178,NULL,undergrad
1179,NULL,undergrad
1180,NULL,undergrad
1181,NULL,undergrad
1182,NULL,undergrad
1183,NULL,undergrad
1184,NULL,undergrad
1185,NULL,undergrad
1186,NULL,undergrad
1187,NULL,undergrad
1188,NULL,undergrad
1189,NULL,undergrad
1190,NULL,undergrad
1191,NULL,undergrad
1192,NULL,undergrad
1193,NULL,undergrad
1194,NULL,undergrad
1195,NULL,undergrad
1196,NULL,undergrad
1197,NULL,undergrad
1198,NULL,undergrad
1199,NULL,undergrad
1200,NULL,undergrad
1201,NULL,undergrad
1202,NULL,undergrad
1203,NULL,undergrad
1204,NULL,undergrad
1205,NULL,undergrad
1206,NULL,undergrad
1207,NULL,undergrad
1208,NULL,undergrad
1209,NULL,undergrad
1210,NULL,undergrad
1211,NULL,undergrad
1212,NULL,undergrad
1213,NULL,undergrad
1214,NULL,undergrad
1215,NULL,undergrad
1216,NULL,undergrad
1217,NULL,undergrad
1218,NULL,undergrad
1219,NULL,undergrad
1220,NULL,undergrad
1221,NULL,undergrad
1222,NULL,undergrad
1223,NULL,undergrad
1224,NULL,undergrad
1225,NULL,undergrad
1226,NULL,undergrad
1227,NULL,undergrad
1228,NULL,undergrad
1229,NULL,undergrad
1230,NULL,undergrad
1231,NULL,undergrad
1232,NULL,undergrad
1233,NULL,undergrad
1234,NULL,undergrad
1235,NULL,undergrad
1236,NULL,undergrad
1237,NULL,undergrad
1238,NULL,undergrad
1239,NULL,undergrad
1240,NULL,undergrad
1241,NULL,undergrad
1242,NULL,undergrad
1243,NULL,undergrad
1244,NULL,undergrad
1245,NULL,undergrad
1246,NULL,undergrad
1247,NULL,undergrad
1248,NULL,undergrad
1249,NULL,undergrad
1250,NULL,undergrad
1251,NULL,undergrad
1252,NULL,undergrad
1253,NULL,undergrad
1254,NULL,undergrad
1255,NULL,undergrad
1256,NULL,undergrad
1257,NULL,undergrad
1258,NULL,undergrad
1259,NULL,undergrad
1260,NULL,undergrad
1261,NULL,undergrad
1262,NULL,undergrad
1263,NULL,undergrad
1264,NULL,undergrad
1265,NULL,undergrad
1266,NULL,undergrad
1267,NULL,undergrad
1268,NULL,undergrad
1269,NULL,undergrad
1270,NULL,undergrad
1271,NULL,undergrad
1272,NULL,undergrad
1273,NULL,undergrad
1274,NULL,undergrad
1275,NULL,undergrad
1276,NULL,undergrad
1277,NULL,undergrad
1278,NULL,undergrad
1279,NULL,undergrad
1280,NULL,undergrad
1281,NULL,undergrad
1282,NULL,undergrad
1283,NULL,undergrad
1284,NULL,undergrad
1285,NULL,undergrad
1286,NULL,undergrad
1287,NULL,undergrad
1288,NULL,undergrad
1289,NULL,undergrad
1290,NULL,undergrad
1291,NULL,undergrad
1292,NULL,undergrad
1293,NULL,undergrad
1294,NULL,undergrad
1295,NULL,undergrad
1296,NULL,undergrad
1297,NULL,undergrad
1298,NULL,undergrad
1299,NULL,undergrad
1300,NULL,grad
1301,NULL,grad
1302,NULL,grad
1303,NULL,grad
1304,NULL,grad
1305,NULL,grad
1306,NULL,grad
1307,NULL,grad
1308,NULL,grad
1309,NULL,grad
1310,NULL,grad
1311,NULL,grad
1312,NULL,grad
1313,NULL,grad
1314,NULL,grad
1315,NULL,grad
1316,NULL,grad
1317,NULL,grad
1318,NULL,grad
1319,NULL,grad
1320,NULL,grad
1321,NULL,grad
1322,NULL,grad
1323,NULL,grad
1324,NULL,grad
1325,NULL,grad
1326,NULL,grad
1327,NULL,grad
1328,NULL,grad
1329,NULL,grad
1330,NULL,grad
1331,NULL,grad
1332,NULL,grad
1333,NULL,grad
1334,NULL,grad
1335,NULL,grad
1336,NULL,grad
1337,NULL,grad
1338,NULL,grad
1339,NULL,grad
1340,NULL,grad
1341,NULL,grad
1342,NULL,grad
1343,NULL,grad
1344,NULL,grad
1345,NULL,grad
1346,NULL,grad
1347,NULL,grad
1348,NULL,grad
1349,NULL,grad
1350,NULL,grad
1351,NULL,grad
1352,NULL,grad
1353,NULL,grad
1354,NULL,grad
1355,NULL,grad
1356,NULL,grad
1357,NULL,grad
1358,NULL,grad
1359,NULL,grad
1360,NULL,grad
1361,NULL,grad
1362,NULL,grad
1363,NULL,grad
1364,NULL,grad
1365,NULL,grad
1366,NULL,grad
1367,NULL,grad
1368,NULL,grad
1369,NULL,grad
1370,NULL,grad
1371,NULL,grad
1372,NULL,grad
1373,NULL,grad
1374,NULL,grad
1375,NULL,grad
1376,NULL,grad
1377,NULL,grad
1378,NULL,grad
1379,NULL,grad
1380,NULL,grad
1381,NULL,grad
1382,NULL,grad
1383,NULL,grad
1384,NULL,grad
1385,NULL,grad
1386,NULL,grad
1387,NULL,grad
1388,NULL,grad
1389,NULL,grad
1390,NULL,grad
1391,NULL,grad
1392,NULL,grad
1393,NULL,grad
1394,NULL,grad
1395,NULL,grad
1396,NULL,grad
1397,NULL,grad
1398,NULL,grad
1399,NULL,grad
1400,NULL,grad
1401,NULL,grad
1402,NULL,grad
1403,NULL,grad
1404,NULL,grad
1405,NULL,grad
1406,NULL,grad
1407,NULL,grad
1408,NULL,grad
1409,NULL,grad
1410,NULL,grad
1411,NULL,grad
1412,NULL,grad
1413,NULL,grad
1414,NULL,grad
1415,NULL,grad
1416,NULL,grad
1417,NULL,grad
1418,NULL,grad
1419,NULL,grad
1420,NULL,grad
1421,NULL,grad
1422,NULL,grad
1423,NULL,grad
1424,NULL,grad
1425,NULL,grad
1426,NULL,grad
1427,NULL,grad
1428,NULL,grad
1429,NULL,grad
1430,NULL,grad
1431,NULL,grad
1432,NULL,grad
1433,NULL,grad
1434,NULL,grad
1435,NULL,grad
1436,NULL,grad
1437,NULL,grad
1438,NULL,grad
1439,NULL,grad
1440,NULL,grad
1441,NULL,grad
1442,NULL,grad
1443,NULL,grad
1444,NULL,grad
1445,NULL,grad
1446,NULL,grad
1447,NULL,grad
1448,NULL,grad
1449,NULL,grad
1450,NULL,grad
1451,NULL,grad
1452,NULL,grad
1453,NULL,grad
1454,NULL,grad
1455,NULL,grad
1456,NULL,grad
1457,NULL,grad
1458,NULL,grad
1459,NULL,grad
1460,NULL,grad
1461,NULL,grad
1462,NULL,grad
1463,NULL,grad
1464,NULL,grad
1465,NULL,grad
1466,NULL,grad
1467,NULL,grad
1468,NULL,grad
1469,NULL,grad
1470,NULL,grad
1471,NULL,grad
1472,NULL,grad
1473,NULL,grad
1474,NULL,grad
1475,NULL,grad
1476,NULL,grad
1477,NULL,grad
1478,NULL,grad
1479,NULL,grad
1480,NULL,grad
1481,NULL,grad
1482,NULL,grad
1483,NULL,grad
1484,NULL,grad
1485,NULL,grad
1486,NULL,grad
1487,NULL,grad
1488,NULL,grad
1489,NULL,grad
1490,NULL,grad
1491,NULL,grad
1492,NULL,grad
1493,NULL,grad
1494,NULL,grad
1495,NULL,grad
1496,NULL,grad
1497,NULL,grad
1498,NULL,grad
1499,NULL,grad
1500,NULL,grad
1501,NULL,grad
1502,NULL,grad
1503,NULL,grad
1504,NULL,grad
1505,NULL,grad
1506,NULL,grad
1507,NULL,grad
1508,NULL,grad
1509,NULL,grad
1510,NULL,grad
1511,NULL,grad
1512,NULL,grad
1513,NULL,grad
1514,NULL,grad
1515,NULL,grad
1516,NULL,grad
1517,NULL,grad
1518,NULL,grad
1519,NULL,grad
1520,NULL,grad
1521,NULL,grad
1522,NULL,grad
1523,NULL,grad
1524,NULL,grad
1525,NULL,grad
1526,NULL,grad
1527,NULL,grad
1528,NULL,grad
1529,NULL,grad
1530,NULL,grad
1531,NULL,grad
1532,NULL,grad
1533,NULL,grad
1534,NULL,grad
1535,NULL,grad
1536,NULL,grad
1537,NULL,grad
1538,NULL,grad
1539,NULL,grad
1540,NULL,grad
1541,NULL,grad
1542,NULL,grad
1543,NULL,grad
1544,NULL,grad
1545,NULL,grad
1546,NULL,grad
1547,NULL,grad
1548,NULL,grad
1549,NULL,grad
1550,NULL,grad
1551,NULL,grad
1552,NULL,grad
1553,NULL,grad
1554,NULL,grad
1555,NULL,grad
1556,NULL,grad
1557,NULL,grad
1558,NULL,grad
1559,NULL,grad
1560,NULL,grad
1561,NULL,grad
1562,NULL,grad
1563,NULL,grad
1564,NULL,grad
1565,NULL,grad
1566,NULL,grad
1567,NULL,grad
1568,NULL,grad
1569,NULL,grad
1570,NULL,grad
1571,NULL,grad
1572,NULL,grad
1573,NULL,grad
1574,NULL,grad
1575,NULL,grad
1576,NULL,grad
1577,NULL,grad
1578,NULL,grad
1579,NULL,grad
1580,NULL,grad
1581,NULL,grad
1582,NULL,grad
1583,NULL,grad
1584,NULL,grad
1585,NULL,grad
1586,NULL,grad
1587,NULL,grad
1588,NULL,grad
1589,NULL,grad
1590,NULL,grad
1591,NULL,grad
1592,NULL,grad
1593,NULL,grad
1594,NULL,grad
1595,NULL,grad
1596,NULL,grad
1597,NULL,grad
1598,NULL,grad
1599,NULL,grad
1600,NULL,grad
1601,NULL,grad
1602,NULL,grad
1603,NULL,grad
1604,NULL,grad
1605,NULL,grad
1606,NULL,grad
1607,NULL,grad
1608,NULL,grad
1609,NULL,grad
1610,NULL,grad
1611,NULL,grad
1612,NULL,grad
1613,NULL,grad
1614,NULL,grad
1615,NULL,grad
1616,NULL,grad
1617,NULL,grad
1618,NULL,grad
1619,NULL,grad
1620,NULL,grad
1621,NULL,grad
1622,NULL,grad
1623,NULL,grad
1624,NULL,grad
1625,NULL,grad
1626,NULL,grad
1627,NULL,grad
1628,NULL,grad
1629,NULL,grad
1630,NULL,grad
1631,NULL,grad
1632,NULL,grad
1633,NULL,grad
1634,NULL,grad
1635,NULL,grad
1636,NULL,grad
1637,NULL,grad
1638,NULL,grad
1639,NULL,grad
1640,NULL,grad
1641,NULL,grad
1642,NULL,grad
1643,NULL,grad
1644,NULL,grad
1645,NULL,grad
1646,NULL,grad
1647,NULL,grad
1648,NULL,grad
1649,NULL,grad
1650,NULL,grad
1651,NULL,grad
1652,NULL,grad
1653,NULL,grad
1654,NULL,grad
1655,NULL,grad
1656,NULL,grad
1657,NULL,grad
1658,NULL,grad
1659,NULL,grad
1660,NULL,grad
1661,NULL,grad
1662,NULL,grad
1663,NULL,grad
1664,NULL,grad
1665,NULL,grad
1666,NULL,grad
1667,NULL,grad
1668,NULL,grad
1669,NULL,grad
1670,NULL,grad
1671,NULL,grad
1672,NULL,grad
1673,NULL,grad
1674,NULL,grad
1675,NULL,grad
1676,NULL,grad
1677,NULL,grad
1678,NULL,grad
1679,NULL,grad
1680,NULL,grad
1681,NULL,grad
1682,NULL,grad
1683,NULL,grad
1684,NULL,grad
1685,NULL,grad
1686,NULL,grad
1687,NULL,grad
1688,NULL,grad
1689,NULL,grad
1690,NULL,grad
1691,NULL,grad
1692,NULL,grad
1693,NULL,grad
1694,NULL,grad
1695,NULL,grad
1696,NULL,grad
1697,NULL,grad
1698,NULL,grad
1699,NULL,grad
1700,NULL,grad
1701,NULL,grad
1702,NULL,grad
1703,NULL,grad
1704,NULL,grad
1705,NULL,grad
1706,NULL,grad
1707,NULL,grad
1708,NULL,grad
1709,NULL,grad
1710,NULL,grad
1711,NULL,grad
1712,NULL,grad
1713,NULL,grad
1714,NULL,grad
1715,NULL,grad
1716,NULL,grad
1717,NULL,grad
1718,NULL,grad
1719,NULL,grad
1720,NULL,grad
1721,NULL,grad
1722,NULL,grad
1723,NULL,grad
1724,NULL,grad
1725,NULL,grad
1726,NULL,grad
1727,NULL,grad
1728,NULL,grad
1729,NULL,grad
1730,NULL,grad
1731,NULL,grad
1732,NULL,grad
1733,NULL,grad
1734,NULL,grad
1735,NULL,grad
1736,NULL,grad
1737,NULL,grad
1738,NULL,grad
1739,NULL,grad
1740,NULL,grad
1741,NULL,grad
1742,NULL,grad
1743,NULL,grad
1744,NULL,grad
1745,NULL,grad
1746,NULL,grad
1747,NULL,grad
1748,NULL,grad
1749,NULL,grad
1750,NULL,grad
1751,NULL,grad
1752,NULL,grad
1753,NULL,grad
1754,NULL,grad
1755,NULL,grad
1756,NULL,grad
1757,NULL,grad
1758,NULL,grad
1759,NULL,grad
1760,NULL,grad
1761,NULL,grad
1762,NULL,grad
1763,NULL,grad
1764,NULL,grad
1765,NULL,grad
1766,NULL,grad
1767,NULL,grad
1768,NULL,grad
1769,NULL,grad
1770,NULL,grad
1771,NULL,grad
1772,NULL,grad
1773,NULL,grad
1774,NULL,grad
1775,NULL,grad
1776,NULL,grad
1777,NULL,grad
1778,NULL,grad
1779,NULL,grad
1780,NULL,grad
1781,NULL,grad
1782,NULL,grad
1783,NULL,grad
1784,NULL,grad
1785,NULL,grad
1786,NULL,grad
1787,NULL,grad
1788,NULL,grad
1789,NULL,grad
1790,NULL,grad
1791,NULL,grad
1792,NULL,grad
1793,NULL,grad
1794,NULL,grad
1795,NULL,grad
1796,NULL,grad
1797,NULL,grad
1798,NULL,grad
1799,NULL,grad
1800,NULL,grad
1801,NULL,grad
1802,NULL,grad
1803,NULL,grad
1804,NULL,grad
1805,NULL,grad
1806,NULL,grad
1807,NULL,grad
1808,NULL,grad
1809,NULL,grad
1810,NULL,grad
1811,NULL,grad
1812,NULL,grad
1813,NULL,grad
1814,NULL,grad
1815,NULL,grad
1816,NULL,grad
1817,NULL,grad
1818,NULL,grad
1819,NULL,grad
1820,NULL,grad
1821,NULL,grad
1822,NULL,grad
1823,NULL,grad
1824,NULL,grad
1825,NULL,grad
1826,NULL,grad
1827,NULL,grad
1828,NULL,grad
1829,NULL,grad
1830,NULL,grad
1831,NULL,grad
1832,NULL,grad
1833,NULL,grad
1834,NULL,grad
1835,NULL,grad
1836,NULL,grad
1837,NULL,grad
1838,NULL,grad
1839,NULL,grad
1840,NULL,grad
1841,NULL,grad
1842,NULL,grad
1843,NULL,grad
1844,NULL,grad
1845,NULL,grad
1846,NULL,grad
1847,NULL,grad
1848,NULL,grad
1849,NULL,grad
1850,NULL,grad
1851,NULL,grad
1852,NULL,grad
1853,NULL,grad
1854,NULL,grad
1855,NULL,grad
1856,NULL,grad
1857,NULL,grad
1858,NULL,grad
1859,NULL,grad
1860,NULL,grad
1861,NULL,grad
1862,NULL,grad
1863,NULL,grad
1864,NULL,grad
1865,NULL,grad
1866,NULL,grad
1867,NULL,grad
1868,NULL,grad
1869,NULL,grad
1870,NULL,grad
1871,NULL,grad
1872,NULL,grad
1873,NULL,grad
1874,NULL,grad
1875,NULL,grad
1876,NULL,grad
1877,NULL,grad
1878,NULL,grad
1879,NULL,grad
1880,NULL,grad
1881,NULL,grad
1882,NULL,grad
1883,NULL,grad
1884,NULL,grad
1885,NULL,grad
1886,NULL,grad
1887,NULL,grad
1888,NULL,grad
1889,NULL,grad
1890,NULL,grad
1891,NULL,grad
1892,NULL,grad
1893,NULL,grad
1894,NULL,grad
1895,NULL,grad
1896,NULL,grad
1897,NULL,grad
1898,NULL,grad
1899,NULL,grad
1900,NULL,grad
1901,NULL,grad
1902,NULL,grad
1903,NULL,grad
1904,NULL,grad
1905,NULL,grad
1906,NULL,grad
1907,NULL,grad
1908,NULL,grad
1909,NULL,grad
1910,NULL,grad
1911,NULL,grad
1912,NULL,grad
1913,NULL,grad
1914,NULL,grad
1915,NULL,grad
1916,NULL,grad
1917,NULL,grad
1918,NULL,grad
1919,NULL,grad
1920,NULL,grad
1921,NULL,grad
1922,NULL,grad
1923,NULL,grad
1924,NULL,grad
1925,NULL,grad
1926,NULL,grad
1927,NULL,grad
1928,NULL,grad
1929,NULL,grad
1930,NULL,grad
1931,NULL,grad
1932,NULL,grad
1933,NULL,grad
1934,NULL,grad
1935,NULL,grad
1936,NULL,grad
1937,NULL,grad
1938,NULL,grad
1939,NULL,grad
1940,NULL,grad
1941,NULL,grad
1942,NULL,grad
1943,NULL,grad
1944,NULL,grad
1945,NULL,grad
1946,NULL,grad
1947,NULL,grad
1948,NULL,grad
1949,NULL,grad
1950,NULL,grad
1951,NULL,grad
1952,NULL,grad
1953,NULL,grad
1954,NULL,grad
1955,NULL,grad
1956,NULL,grad
1957,NULL,grad
1958,NULL,grad
1959,NULL,grad
1960,NULL,grad
1961,NULL,grad
1962,NULL,grad
1963,NULL,grad
1964,NULL,grad
1965,NULL,grad
1966,NULL,grad
1967,NULL,grad
1968,NULL,grad
1969,NULL,grad
1970,NULL,grad
1971,NULL,grad
1972,NULL,grad
1973,NULL,grad
1974,NULL,grad
1975,NULL,grad
1976,NULL,grad
1977,NULL,grad
1978,NULL,grad
1979,NULL,grad
1980,NULL,grad
1981,NULL,grad
1982,NULL,grad
1983,NULL,grad
1984,NULL,grad
1985,NULL,grad
1986,NULL,grad
1987,NULL,grad
1988,NULL,grad
1989,NULL,grad
1990,NULL,grad
1991,NULL,grad
1992,NULL,grad
1993,NULL,grad
1994,NULL,grad
1995,NULL,grad
1996,NULL,grad
1997,NULL,grad
1998,NULL,grad
1999,NULL,grad
2000,NULL,grad
2001,NULL,grad
2002,NULL,grad
2003,NULL,grad
2004,NULL,grad
2005,NULL,grad
2006,NULL,grad
2007,NULL,grad
2008,NULL,grad
2009,NULL,grad
2010,NULL,grad
2011,NULL,grad
2012,NULL,grad
2013,NULL,grad
2014,NULL,grad
2015,NULL,grad
2016,NULL,grad
2017,NULL,grad
2018,NULL,grad
2019,NULL,grad
2020,NULL,grad
2021,NULL,grad
2022,NULL,grad
2023,NULL,grad
2024,NULL,grad
2025,NULL,grad
2026,NULL,grad
2027,NULL,grad
2028,NULL,grad
2029,NULL,grad
2030,NULL,grad
2031,NULL,grad
2032,NULL,grad
2033,NULL,grad
2034,NULL,grad
2035,NULL,grad
2036,NULL,grad
2037,NULL,grad
